'ba','baa','babe','baby','baccalaureate','baccalaureates','bacchanalians','bach','bachelor','bachelorette','bachelorettes','bachelorhoods','bailey','bait','bake',"('ba'),('baa'),('babe'),('baby'),('baccalaureate'),('baccalaureates'),('bacchanalians'),('bach'),('bachelor'),('bachelorette'),('bachelorettes'),('bachelorhoods'),('bailey'),('bait'),('bake'),"
'bacillus','back','backboard','backbone','backbreaking','backcountries','backcountry','backcourt','backdoor','backdrop','backed','backfield','ball','ballerina','bases',"('bacillus'),('back'),('backboard'),('backbone'),('backbreaking'),('backcountries'),('backcountry'),('backcourt'),('backdoor'),('backdrop'),('backed'),('backfield'),('ball'),('ballerina'),('bases'),"
'backfire','backgammon','background','backgrounder','backgrounders','backgrounding','backhand','backhanded','backing','backlash','backlight','bail','banderilleros','barney','beau',"('backfire'),('backgammon'),('background'),('backgrounder'),('backgrounders'),('backgrounding'),('backhand'),('backhanded'),('backing'),('backlash'),('backlight'),('bail'),('banderilleros'),('barney'),('beau'),"
'backlog','backpack','backpedalling','backroom','backscatter','backscattered','backscattering','backscatterings','backside','backstabbings','backwardnesses','balkanizations','bankrupt','basement','been',"('backlog'),('backpack'),('backpedalling'),('backroom'),('backscatter'),('backscattered'),('backscattering'),('backscatterings'),('backside'),('backstabbings'),('backwardnesses'),('balkanizations'),('bankrupt'),('basement'),('been'),"
'backstage','backstitching','backstop','backstreet','backstretch','backstretches','backstroke','backtrack','backup','backward','bacteriological','banderillero','barbaric','bathroom','bug',"('backstage'),('backstitching'),('backstop'),('backstreet'),('backstretch'),('backstretches'),('backstroke'),('backtrack'),('backup'),('backward'),('bacteriological'),('banderillero'),('barbaric'),('bathroom'),('bug'),"
'backwater','backyard','bacon','bacteremia','bacteria','bacterial','bactericidally','bactericide','bacteriocin','bacteriologic','bah','banking','barn','beating','bureau',"('backwater'),('backyard'),('bacon'),('bacteremia'),('bacteria'),('bacterial'),('bactericidally'),('bactericide'),('bacteriocin'),('bacteriologic'),('bah'),('banking'),('barn'),('beating'),('bureau'),"
'bacteriologies','bacteriologist','bacteriologists','bacteriology','bacteriolyses','bacteriolysis','bacteriolytic','bacteriophage','bacterium','baggage','balkanization','barbarianisms','baseman','beef','businessman',"('bacteriologies'),('bacteriologist'),('bacteriologists'),('bacteriology'),('bacteriolyses'),('bacteriolysis'),('bacteriolytic'),('bacteriophage'),('bacterium'),('baggage'),('balkanization'),('barbarianisms'),('baseman'),('beef'),('businessman'),"
'bacteriophages','bacteriophagies','bacteriophagy','bacteriostases','bacteriostasis','bacteriostat','bacteriostatic','bacteriostats','bag','balefulnesses','ballplayer','barlow','bath','behaviorism','byte',"('bacteriophages'),('bacteriophagies'),('bacteriophagy'),('bacteriostases'),('bacteriostasis'),('bacteriostat'),('bacteriostatic'),('bacteriostats'),('bag'),('balefulnesses'),('ballplayer'),('barlow'),('bath'),('behaviorism'),('byte'),"
'bacteriuria','bacterization','bacterizations','bad','badge','badger','badly','badminton','bale','ballpark','band','barrelhouse','beaten','bluebird',,"('bacteriuria'),('bacterization'),('bacterizations'),('bad'),('badge'),('badger'),('badly'),('badminton'),('bale'),('ballpark'),('band'),('barrelhouse'),('beaten'),('bluebird'),"
'baked','baker','bakery','bal','balance','balcony','bald','balderdash','ballot','bananas','banker','baseless','beech','boardinghouses',,"('baked'),('baker'),('bakery'),('bal'),('balance'),('balcony'),('bald'),('balderdash'),('ballot'),('bananas'),('banker'),('baseless'),('beech'),('boardinghouses'),"
'ballet','balletomane','balletomanias','ballhandlings','ballistic','ballistically','ballistics','balloon','banana','bankcard','barbarian','batch','behavior','boilermaker',,"('ballet'),('balletomane'),('balletomanias'),('ballhandlings'),('ballistic'),('ballistically'),('ballistics'),('balloon'),('banana'),('bankcard'),('barbarian'),('batch'),('behavior'),('boilermaker'),"
'ballroom','balustrade','bam','bamboo','bamboozlement','bamboozlements','ban','banality','bankable','bar','bard','battle','bell','bos',,"('ballroom'),('balustrade'),('bam'),('bamboo'),('bamboozlement'),('bamboozlements'),('ban'),('banality'),('bankable'),('bar'),('bard'),('battle'),('bell'),('bos'),"
'bandleader','bandstand','bandwagon','bandwidth','bang','bangkok','bank','bankabilities','baptistery','barbiturate','barley','beachhead','ben','brachycephalic',,"('bandleader'),('bandstand'),('bandwagon'),('bandwidth'),('bang'),('bangkok'),('bank'),('bankabilities'),('baptistery'),('barbiturate'),('barley'),('beachhead'),('ben'),('brachycephalic'),"
'banner','bannister','banquet','bans','bantamweight','bantamweights','bap','baptism','barbershop','barker','barrel','beat','betweenbrain','buffet',,"('banner'),('bannister'),('banquet'),('bans'),('bantamweight'),('bantamweights'),('bap'),('baptism'),('barbershop'),('barker'),('barrel'),('beat'),('betweenbrain'),('buffet'),"
'barbarism','barbarization','barbarizations','barbarous','barbarousness','barbarousnesses','barbecue','barber','bark','barred','baseball','become','bibliographies','bulletproof',,"('barbarism'),('barbarization'),('barbarizations'),('barbarous'),('barbarousness'),('barbarousnesses'),('barbecue'),('barber'),('bark'),('barred'),('baseball'),('become'),('bibliographies'),('bulletproof'),"
'bare','barefacedness','barefacednesses','barefoot','barely','bargain','barge','baritone','barrage','base','bat','bee','bituminization','burdensome',,"('bare'),('barefacedness'),('barefacednesses'),('barefoot'),('barely'),('bargain'),('barge'),('baritone'),('barrage'),('base'),('bat'),('bee'),('bituminization'),('burdensome'),"
'barometer','barometrically','baron','baroness','baroque','baroreceptor','baroreceptors','barquentine','basal','basifications','batting','behave','blitz','businesslike',,"('barometer'),('barometrically'),('baron'),('baroness'),('baroque'),('baroreceptor'),('baroreceptors'),('barquentine'),('basal'),('basifications'),('batting'),('behave'),('blitz'),('businesslike'),"
'barren','barricade','barrier','barring','barrister','barrow','bartender','bas','basidiospores','bastardizations','beachfront','believe','bloodcurdling','bystander',,"('barren'),('barricade'),('barrier'),('barring'),('barrister'),('barrow'),('bartender'),('bas'),('basidiospores'),('bastardizations'),('beachfront'),('believe'),('bloodcurdling'),('bystander'),"
'bash','bashfulnesses','basic','basically','basidiomycete','basidiomycetes','basidiomycetous','basidiospore','bastardization','battery','beast','belvedere','blue',,,"('bash'),('bashfulnesses'),('basic'),('basically'),('basidiomycete'),('basidiomycetes'),('basidiomycetous'),('basidiospore'),('bastardization'),('battery'),('beast'),('belvedere'),('blue'),"
'basil','basilica','basin','basis','basket','basketball','bass','bastard','batter','beachcomber','beck','bes','board',,,"('basil'),('basilica'),('basin'),('basis'),('basket'),('basketball'),('bass'),('bastard'),('batter'),('beachcomber'),('beck'),('bes'),('board'),"
'bathymetrical','bathymetrically','bathypelagic','bathyscaphe','bathysphere','baton','bats','battalion','beach','bearing','bedtime','between','bodhisattva',,,"('bathymetrical'),('bathymetrically'),('bathypelagic'),('bathyscaphe'),('bathysphere'),('baton'),('bats'),('battalion'),('beach'),('bearing'),('bedtime'),('between'),('bodhisattva'),"
'battlefield','battlefront','battleground','battlegrounds','battleship','battlewagon','bay','be','beardtongue','because','behalf','bibliographical','boiler',,,"('battlefield'),('battlefront'),('battleground'),('battlegrounds'),('battleship'),('battlewagon'),('bay'),('be'),('beardtongue'),('because'),('behalf'),('bibliographical'),('boiler'),"
'beacon','bead','beam','bean','bear','bearable','bearbaiting','beard','became','bedside','believable','billingsgate','bond',,,"('beacon'),('bead'),('beam'),('bean'),('bear'),('bearable'),('bearbaiting'),('beard'),('became'),('bedside'),('believable'),('billingsgate'),('bond'),"
'beauteousnesses','beautician','beautifications','beautiful','beautifulnesses','beauty','beaver','beaverboard','bedroom','begun','belt','binary','bookbindery',,,"('beauteousnesses'),('beautician'),('beautifications'),('beautiful'),('beautifulnesses'),('beauty'),('beaver'),('beaverboard'),('bedroom'),('begun'),('belt'),('binary'),('bookbindery'),"
'becoming','bed','bedchamber','bedclothes','bedding','bedraggled','bedridden','bedrock','beginning','believabilities','benefactress','bioactivity','borrowing',,,"('becoming'),('bed'),('bedchamber'),('bedclothes'),('bedding'),('bedraggled'),('bedridden'),('bedrock'),('beginning'),('believabilities'),('benefactress'),('bioactivity'),('borrowing'),"
'beer','befitting','before','beforehand','beg','began','begin','beginner','belief','bellows','benzimidazole','bis','bottlenecked',,,"('beer'),('befitting'),('before'),('beforehand'),('beg'),('began'),('begin'),('beginner'),('belief'),('bellows'),('benzimidazole'),('bis'),('bottlenecked'),"
'behaviour','behemoth','behind','beholden','being','bejeweled','bel','belatednesses','belligerently','belowground','beryllium','bittersweetness','bracelet',,,"('behaviour'),('behemoth'),('behind'),('beholden'),('being'),('bejeweled'),('bel'),('belatednesses'),('belligerently'),('belowground'),('beryllium'),('bittersweetness'),('bracelet'),"
'belladonna','belle','bellflower','bellicosities','belligerence','belligerences','belligerency','belligerent','below','benefactor','betterment','blah','breadbasket',,,"('belladonna'),('belle'),('bellflower'),('bellicosities'),('belligerence'),('belligerences'),('belligerency'),('belligerent'),('below'),('benefactor'),('betterment'),('blah'),('breadbasket'),"
'bellwether','belly','belong','belonging','belongingness','belongingnesses','belongings','beloved','benefaction','benevolence','bibliographers','blistering','brick',,,"('bellwether'),('belly'),('belong'),('belonging'),('belongingness'),('belongingnesses'),('belongings'),('beloved'),('benefaction'),('benevolence'),('bibliographers'),('blistering'),('brick'),"
'bench','benchmark','benchmarkings','benchwarmer','bend','beneath','benedict','benediction','benefit','benzanthracenes','bidialectalism','blood','browse',,,"('bench'),('benchmark'),('benchmarkings'),('benchwarmer'),('bend'),('beneath'),('benedict'),('benediction'),('benefit'),('benzanthracenes'),('bidialectalism'),('blood'),('browse'),"
'beneficence','beneficent','beneficial','beneficiaries','beneficiary','beneficiate','beneficiating','beneficiation','benzaldehydes','berth','bike','blowout','bubble',,,"('beneficence'),('beneficent'),('beneficial'),('beneficiaries'),('beneficiary'),('beneficiate'),('beneficiating'),('beneficiation'),('benzaldehydes'),('berth'),('bike'),('blowout'),('bubble'),"
'benevolent','benightedness','benightednesses','benign','benjamin','benny','bent','benzaldehyde','berry','better','billing','boar','buffer',,,"('benevolent'),('benightedness'),('benightednesses'),('benign'),('benjamin'),('benny'),('bent'),('benzaldehyde'),('berry'),('better'),('billing'),('boar'),('buffer'),"
'benzoapyrenes','benzodiazepine','benzodiazepines','benzophenone','benzophenones','bereaved','berg','berlin','beth','bewilderments','bin','bode','bulletin',,,"('benzoapyrenes'),('benzodiazepine'),('benzodiazepines'),('benzophenone'),('benzophenones'),('bereaved'),('berg'),('berlin'),('beth'),('bewilderments'),('bin'),('bode'),('bulletin'),"
'beside','besides','bespectacled','best','bestiality','bestsellerdom','bet','beta','bewilderment','bibliographer','bioactive','boiled','bumptiousness',,,"('beside'),('besides'),('bespectacled'),('best'),('bestiality'),('bestsellerdom'),('bet'),('beta'),('bewilderment'),('bibliographer'),('bioactive'),('boiled'),('bumptiousness'),"
'betweenbrains','betweennesses','betweentimes','betweenwhiles','beverage','beware','bewhiskered','bewilderingly','biblical','bidialectal','birthright','bonanza','burden',,,"('betweenbrains'),('betweennesses'),('betweentimes'),('betweenwhiles'),('beverage'),('beware'),('bewhiskered'),('bewilderingly'),('biblical'),('bidialectal'),('birthright'),('bonanza'),('burden'),"
'bewitchment','bey','beyond','bi','biannual','bias','biased','bib','bibliotherapy','bigheartedness','bittersweet','book','business',,,"('bewitchment'),('bey'),('beyond'),('bi'),('biannual'),('bias'),('biased'),('bib'),('bibliotherapy'),('bigheartedness'),('bittersweet'),('book'),('business'),"
'bibliography','bibliolatry','bibliomania','bibliomaniacal','bibliophile','bibliophilisms','bibliotheca','bibliotherapies','bidding','billiards','blackboard','boost','butterball',,,"('bibliography'),('bibliolatry'),('bibliomania'),('bibliomaniacal'),('bibliophile'),('bibliophilisms'),('bibliotheca'),('bibliotherapies'),('bidding'),('billiards'),('blackboard'),('boost'),('butterball'),"
'bibulousnesses','bicarbonate','bicentenary','bicentennial','bicultural','biculturalisms','bicycle','bid','big','bimorphemic','blade','border','bys',,,"('bibulousnesses'),('bicarbonate'),('bicentenary'),('bicentennial'),('bicultural'),('biculturalisms'),('bicycle'),('bid'),('big'),('bimorphemic'),('blade'),('border'),('bys'),"
'bidialectalisms','bidirectional','bidirectionally','biennale','biennial','biennium','biflagellate','bifunctional','billiard','bioacoustics','blasphemous','borrow',,,,"('bidialectalisms'),('bidirectional'),('bidirectionally'),('biennale'),('biennial'),('biennium'),('biflagellate'),('bifunctional'),('billiard'),('bioacoustics'),('blasphemous'),('borrow'),"
'bilateral','bildungsroman','bildungsromans','bile','bilharziasis','bilingual','bill','billboard','bimonthly','bioluminescent','blepharospasm','bottleneck',,,,"('bilateral'),('bildungsroman'),('bildungsromans'),('bile'),('bilharziasis'),('bilingual'),('bill'),('billboard'),('bimonthly'),('bioluminescent'),('blepharospasm'),('bottleneck'),"
'billion','billionaire','billionth','billy','bimetallic','bimetallism','bimillenary','bimolecular','bio','bioregionalist','blissfulnesses','brace',,,,"('billion'),('billionaire'),('billionth'),('billy'),('bimetallic'),('bimetallism'),('bimillenary'),('bimolecular'),('bio'),('bioregionalist'),('blissfulnesses'),('brace'),"
'binational','bind','binder','binding','bingo','binocular','binocularities','binoculars','biodegradation','birthplace','blond','bread',,,,"('binational'),('bind'),('binder'),('binding'),('bingo'),('binocular'),('binocularities'),('binoculars'),('biodegradation'),('birthplace'),('blond'),('bread'),"
'bioavailability','biochemistries','biochemistry','biocoenosis','biocontrol','bioconversion','bioconversions','biodegradable','bioengineerings','bitterbrush','blown','breakout',,,,"('bioavailability'),('biochemistries'),('biochemistry'),('biocoenosis'),('biocontrol'),('bioconversion'),('bioconversions'),('biodegradable'),('bioengineerings'),('bitterbrush'),('blown'),('breakout'),"
'biodegradations','biodiversities','biodiversity','biodynamic','bioelectric','bioelectricity','bioenergetics','bioengineering','bioluminescence','blackbird','boa','bribery',,,,"('biodegradations'),('biodiversities'),('biodiversity'),('biodynamic'),('bioelectric'),('bioelectricity'),('bioenergetics'),('bioengineering'),('bioluminescence'),('blackbird'),('boa'),('bribery'),"
'bioethics','biofeedback','biogenetically','biogeochemical','biogeochemicals','biogeochemistry','biogeographers','biogeographical','biometeorology','bladderwort','bod','brigade',,,,"('bioethics'),('biofeedback'),('biogenetically'),('biogeochemical'),('biogeochemicals'),('biogeochemistry'),('biogeographers'),('biogeographical'),('biometeorology'),('bladderwort'),('bod'),('brigade'),"
'biogeographies','biogeography','biographer','biographical','biographically','biography','biological','biology','bioregionalisms','blanketflowers','boil','brink',,,,"('biogeographies'),('biogeography'),('biographer'),('biographical'),('biographically'),('biography'),('biological'),('biology'),('bioregionalisms'),('blanketflowers'),('boil'),('brink'),"
'biomarker','biomass','biomaterial','biomathematical','biomathematics','biomechanically','biomechanics','biomedicine','biostratigraphy','blaxploitation','bolometrically','broadcasting',,,,"('biomarker'),('biomass'),('biomaterial'),('biomathematical'),('biomathematics'),('biomechanically'),('biomechanics'),('biomedicine'),('biostratigraphy'),('blaxploitation'),('bolometrically'),('broadcasting'),"
'biometrics','biomimetics','biomolecule','biophysics','biopolymer','biopsy','bioreactor','bioregionalism','biotelemetries','blepharoplasty','bombshell','bromocriptine',,,,"('biometrics'),('biomimetics'),('biomolecule'),('biophysics'),('biopolymer'),('biopsy'),('bioreactor'),('bioregionalism'),('biotelemetries'),('blepharoplasty'),('bombshell'),('bromocriptine'),"
'bioregionalists','bioremediation','bioremediations','bioscience','biosphere','biostatistical','biostatistician','biostatistics','bipropellant','bliss','boo','brownstone',,,,"('bioregionalists'),('bioremediation'),('bioremediations'),('bioscience'),('biosphere'),('biostatistical'),('biostatistician'),('biostatistics'),('bipropellant'),('bliss'),('boo'),('brownstone'),"
'biosynthesis','biosystematics','biosystematist','biosystematists','biotech','biotechnologies','biotechnologist','biotechnology','birthing','blog','booksellings','bub',,,,"('biosynthesis'),('biosystematics'),('biosystematist'),('biosystematists'),('biotech'),('biotechnologies'),('biotechnologist'),('biotechnology'),('birthing'),('blog'),('booksellings'),('bub'),"
'biotelemetry','bipartisan','bipartisanisms','bipartisanship','bipartisanships','bipolar','bipolarization','bipolarizations','bitter','bloodstream','boondoggling','buffalofishes',,,,"('biotelemetry'),('bipartisan'),('bipartisanisms'),('bipartisanship'),('bipartisanships'),('bipolar'),('bipolarization'),('bipolarizations'),('bitter'),('bloodstream'),('boondoggling'),('buffalofishes'),"
'biquadratic','birch','bird','birdwatching','birefringence','birefringences','birth','birthday','blackberry','blowfish','borborygmus','bullet',,,,"('biquadratic'),('birch'),('bird'),('birdwatching'),('birefringence'),('birefringences'),('birth'),('birthday'),('blackberry'),('blowfish'),('borborygmus'),('bullet'),"
'biscuit','bisexual','bishop','bit','bad-b-word','bite','biting','bitten','bladder','bo','borough','bumper',,,,"('biscuit'),('bisexual'),('bishop'),('bit'),('bad-b-word'),('bite'),('biting'),('bitten'),('bladder'),('bo'),('borough'),('bumper'),"
'bituminizations','bituminous','biuniquenesses','biweekly','biz','bizarre','blabbermouth','black','blanket','bobby','bottlebrush','bur',,,,"('bituminizations'),('bituminous'),('biuniquenesses'),('biweekly'),('biz'),('bizarre'),('blabbermouth'),('black'),('blanket'),('bobby'),('bottlebrush'),('bur'),"
'blackguardisms','blackjack','blacklist','blackmail','blackout','blacksmith','blacksmithings','blackthorn','blatherskite','bohemianisms','bound','bush',,,,"('blackguardisms'),('blackjack'),('blacklist'),('blackmail'),('blackout'),('blacksmith'),('blacksmithings'),('blackthorn'),('blatherskite'),('bohemianisms'),('bound'),('bush'),"
'blame','blamed','blameless','blamelessnesses','blameworthiness','blameworthy','bland','blank','blepharoplasts','bologna','bowler','butter',,,,"('blame'),('blamed'),('blameless'),('blamelessnesses'),('blameworthiness'),('blameworthy'),('bland'),('blank'),('blepharoplasts'),('bologna'),('bowler'),('butter'),"
'blasphemousness','blasphemy','blast','blasted','blastocyst','blastomycosis','blastospore','blatant','blink','bombproofing','bra','byproduct',,,,"('blasphemousness'),('blasphemy'),('blast'),('blasted'),('blastocyst'),('blastomycosis'),('blastospore'),('blatant'),('blink'),('bombproofing'),('bra'),('byproduct'),"
'blaxploitations','blaze','bleacher','bleacherite','bleak','bleeding','blend','blepharoplast','blockbusting','bony','brain',,,,,"('blaxploitations'),('blaze'),('bleacher'),('bleacherite'),('bleak'),('bleeding'),('blend'),('blepharoplast'),('blockbusting'),('bony'),('brain'),"
'blepharospasms','bless','blessed','blessing','blew','blimpishnesses','blind','blindfold','bloodstock','bookseller','branch',,,,,"('blepharospasms'),('bless'),('blessed'),('blessing'),('blew'),('blimpishnesses'),('blind'),('blindfold'),('bloodstock'),('bookseller'),('branch'),"
'blitzkrieg','blizzard','bloated','bloc','block','blockade','blockage','blockbuster','blow','boondogglers','breach',,,,,"('blitzkrieg'),('blizzard'),('bloated'),('bloc'),('block'),('blockade'),('blockage'),('blockbuster'),('blow'),('boondogglers'),('breach'),"
'bloodguiltiness','bloodhound','bloodless','bloodlessnesses','bloodletting','bloodmobile','bloodshed','bloodstained','blur','bop','breakneck',,,,,"('bloodguiltiness'),('bloodhound'),('bloodless'),('bloodlessnesses'),('bloodletting'),('bloodmobile'),('bloodshed'),('bloodstained'),('blur'),('bop'),('breakneck'),"
'bloodsucker','bloodthirstily','bloodthirsty','bloody','bloom','blooming','blossom','blot','bob','borosilicate','breechblock',,,,,"('bloodsucker'),('bloodthirstily'),('bloodthirsty'),('bloody'),('bloom'),('blooming'),('blossom'),('blot'),('bob'),('borosilicate'),('breechblock'),"
'bluebonnet','bluegrass','blueprint','blues','bluestocking','bluff','blunderbuss','blunt','bohemian','bottle','brewery',,,,,"('bluebonnet'),('bluegrass'),('blueprint'),('blues'),('bluestocking'),('bluff'),('blunderbuss'),('blunt'),('bohemian'),('bottle'),('brewery'),"
'boardroom','boardsailing','boardwalk','boast','boastfulnesses','boat','boatbuilding','boathouse','boldface','bougainvilleas','briefing',,,,,"('boardroom'),('boardsailing'),('boardwalk'),('boast'),('boastfulnesses'),('boat'),('boatbuilding'),('boathouse'),('boldface'),('bougainvilleas'),('briefing'),"
'bodily','body','bodybuilding','bodyguard','bodywork','bog','bogus','bohemia','bombinations','bouncing','bring',,,,,"('bodily'),('body'),('bodybuilding'),('bodyguard'),('bodywork'),('bog'),('bogus'),('bohemia'),('bombinations'),('bouncing'),('bring'),"
'boilermakers','boilerplate','boilerplates','boiling','boisterous','boisterously','boisterousness','bold','bonus','bourgeoisies','broadcasters',,,,,"('boilermakers'),('boilerplate'),('boilerplates'),('boiling'),('boisterous'),('boisterously'),('boisterousness'),('bold'),('bonus'),('bourgeoisies'),('broadcasters'),"
'bolshevizing','bolster','bolt','bomb','bombardier','bombardments','bombed','bomber','bookmobile','bowl','brokerage',,,,,"('bolshevizing'),('bolster'),('bolt'),('bomb'),('bombardier'),('bombardments'),('bombed'),('bomber'),('bookmobile'),('bowl'),('brokerage'),"
'bondholder','bonding','bone','bonefishings','boneheadedness','boneless','boniface','bonnyclabber','boondoggle','boysenberry','brownie',,,,,"('bondholder'),('bonding'),('bone'),('bonefishings'),('boneheadedness'),('boneless'),('boniface'),('bonnyclabber'),('boondoggle'),('boysenberry'),('brownie'),"
'bookbinding','bookbindings','bookcase','booking','bookkeeping','bookkeepings','booklet','bookmark','bootstrapped','braillewriters','brutishnesses',,,,,"('bookbinding'),('bookbindings'),('bookcase'),('booking'),('bookkeeping'),('bookkeepings'),('booklet'),('bookmark'),('bootstrapped'),('braillewriters'),('brutishnesses'),"
'bookshelf','bookshop','bookstore','boom','boomerang','boomeranging','boomtown','boon','borne','bran','buffalo',,,,,"('bookshelf'),('bookshop'),('bookstore'),('boom'),('boomerang'),('boomeranging'),('boomtown'),('boon'),('borne'),('bran'),('buffalo'),"
'booster','boosterism','boot','bootable','booth','bootlessness','bootlessnesses','bootstrap','bothersome','bray','bulldozer',,,,,"('booster'),('boosterism'),('boot'),('bootable'),('booth'),('bootlessness'),('bootlessnesses'),('bootstrap'),('bothersome'),('bray'),('bulldozer'),"
'borderland','borderline','bore','boredom','borehole','boring','boringnesses','born','bougainvillea','breaking','bump',,,,,"('borderland'),('borderline'),('bore'),('boredom'),('borehole'),('boring'),('boringnesses'),('born'),('bougainvillea'),('breaking'),('bump'),"
'boss','bot','botanical','botanist','both','bother','botheration','botherations','bounce','breathabilities','buoyant',,,,,"('boss'),('bot'),('botanical'),('botanist'),('both'),('bother'),('botheration'),('botherations'),('bounce'),('breathabilities'),('buoyant'),"
'bottom','bottomland','bottomless','bottomlessly','bottomlessness','botulinum','bougainvillaea','bougainvillaeas','bourgeoisie','bred','burglary',,,,,"('bottom'),('bottomland'),('bottomless'),('bottomlessly'),('bottomlessness'),('botulinum'),('bougainvillaea'),('bougainvillaeas'),('bourgeoisie'),('bred'),('burglary'),"
'bought','bouillabaisse','bouillabaisses','boulder','boulevard','boulevardier','bouleversement','bouleversements','boutique','brew','bus',,,,,"('bought'),('bouillabaisse'),('bouillabaisses'),('boulder'),('boulevard'),('boulevardier'),('bouleversement'),('bouleversements'),('boutique'),('brew'),('bus'),"
'boundary','boundless','boundlessnesses','bounteousnesses','bountiful','bountifulnesses','bouquet','bourgeois','bowel','briefcase','butt',,,,,"('boundary'),('boundless'),('boundlessnesses'),('bounteousnesses'),('bountiful'),('bountifulnesses'),('bouquet'),('bourgeois'),('bowel'),('briefcase'),('butt'),"
'bourgeoisified','bourgeoisifies','bourgeoisify','bourgeoisifying','boustrophedon','boustrophedonic','boustrophedons','bout','boyishnesses','brilliantine','bypass',,,,,"('bourgeoisified'),('bourgeoisifies'),('bourgeoisify'),('bourgeoisifying'),('boustrophedon'),('boustrophedonic'),('boustrophedons'),('bout'),('boyishnesses'),('brilliantine'),('bypass'),"
'boutonniere','boutonnieres','bow','bowdlerising','bowdlerization','bowdlerizations','bowdlerizers','bowdlerizing','braggadocio','broadcast',,,,,,"('boutonniere'),('boutonnieres'),('bow'),('bowdlerising'),('bowdlerization'),('bowdlerizations'),('bowdlerizers'),('bowdlerizing'),('braggadocio'),('broadcast'),"
'bowling','bowstringing','box','boxer','boxing','boy','boycott','boyfriend','brake','broker',,,,,,"('bowling'),('bowstringing'),('box'),('boxer'),('boxing'),('boy'),('boycott'),('boyfriend'),('brake'),('broker'),"
'brachycephalies','brachypterous','bracing','bracket','brackish','brackishnesses','brad','bradycardia','bravery','brownfield',,,,,,"('brachycephalies'),('brachypterous'),('bracing'),('bracket'),('brackish'),('brackishnesses'),('brad'),('bradycardia'),('bravery'),('brownfield'),"
'brainchild','brainlessnesses','brainpower','brainstorm','brainstorming','brainstormings','brainteaser','brainwashing','breakfast','brutalization',,,,,,"('brainchild'),('brainlessnesses'),('brainpower'),('brainstorm'),('brainstorming'),('brainstormings'),('brainteaser'),('brainwashing'),('breakfast'),('brutalization'),"
'branchiopod','brand','brandy','brass','brasserie','braunschweiger','braunschweigers','brave','breath','buff',,,,,,"('branchiopod'),('brand'),('brandy'),('brass'),('brasserie'),('braunschweiger'),('braunschweigers'),('brave'),('breath'),('buff'),"
'breadth','breadwinner','break','breakage','breakaway','breakdown','breaker','breakeven','breathtakingly','bullbaiting',,,,,,"('breadth'),('breadwinner'),('break'),('breakage'),('breakaway'),('breakdown'),('breaker'),('breakeven'),('breathtakingly'),('bullbaiting'),"
'breakthrough','breakwater','breast','breastbone','breastfeed','breastplate','breaststroke','breaststrokers','brethren','bumbershoot',,,,,,"('breakthrough'),('breakwater'),('breast'),('breastbone'),('breastfeed'),('breastplate'),('breaststroke'),('breaststrokers'),('brethren'),('bumbershoot'),"
'breathable','breathe','breathed','breather','breathing','breathless','breathlessness','breathtaking','brief','buoyancy',,,,,,"('breathable'),('breathe'),('breathed'),('breather'),('breathing'),('breathless'),('breathlessness'),('breathtaking'),('brief'),('buoyancy'),"
'breechcloth','breechloader','breed','breeding','breeze','bremsstrahlung','bremsstrahlungs','brent','brilliant','burglarproof',,,,,,"('breechcloth'),('breechloader'),('breed'),('breeding'),('breeze'),('bremsstrahlung'),('bremsstrahlungs'),('brent'),('brilliant'),('burglarproof'),"
'bricklayer','bricklayings','brickwork','bride','bridegroom','bridesmaid','bridge','bridgehead','broadband','bury',,,,,,"('bricklayer'),('bricklayings'),('brickwork'),('bride'),('bridegroom'),('bridesmaid'),('bridge'),('bridgehead'),('broadband'),('bury'),"
'brigadier','brigantine','bright','brighten','brightness','brightnesses','brilliance','brilliancies','brokenhearted','butler',,,,,,"('brigadier'),('brigantine'),('bright'),('brighten'),('brightness'),('brightnesses'),('brilliance'),('brilliancies'),('brokenhearted'),('butler'),"
'brinkmanship','brinksmanships','brisk','bristletail','bristletails','brittle','bro','broad','bronchoscope','butyraldehyde',,,,,,"('brinkmanship'),('brinksmanships'),('brisk'),('bristletail'),('bristletails'),('brittle'),('bro'),('broad'),('bronchoscope'),('butyraldehyde'),"
'broaden','broadsheet','broadside','brocade','broccoli','brochure','broke','broken','bronze','byline',,,,,,"('broaden'),('broadsheet'),('broadside'),('brocade'),('broccoli'),('brochure'),('broke'),('broken'),('bronze'),('byline'),"
'bromocriptines','bronchial','bronchiectases','bronchiectasis','bronchitis','bronchodilator','bronchodilators','bronchogenic','brown',,,,,,,"('bromocriptines'),('bronchial'),('bronchiectases'),('bronchiectasis'),('bronchitis'),('bronchodilator'),('bronchodilators'),('bronchogenic'),('brown'),"
'bronchoscopies','bronchoscopist','bronchoscopists','bronchospasm','bronchospastic','broncobuster','brontosaurus','brontosauruses','brutality',,,,,,,"('bronchoscopies'),('bronchoscopist'),('bronchoscopists'),('bronchospasm'),('bronchospastic'),('broncobuster'),('brontosaurus'),('brontosauruses'),('brutality'),"
'brook','broomstick','brother','brotherhood','brotherlinesses','brotherly','brought','brow','budget',,,,,,,"('brook'),('broomstick'),('brother'),('brotherhood'),('brotherlinesses'),('brotherly'),('brought'),('brow'),('budget'),"
'browser','brr','brucellosis','brunette','brush','brushed','brusquenesses','brutal','bull',,,,,,,"('browser'),('brr'),('brucellosis'),('brunette'),('brush'),('brushed'),('brusquenesses'),('brutal'),('bull'),"
'buccaneering','buck','bucket','buckeye','buckyballs','bud','budding','buddy','bum',,,,,,,"('buccaneering'),('buck'),('bucket'),('buckeye'),('buckyballs'),('bud'),('budding'),('buddy'),('bum'),"
'build','builder','building','built','bulb','bulk','bulkhead','bulky','bunt',,,,,,,"('build'),('builder'),('building'),('built'),('bulb'),('bulk'),('bulkhead'),('bulky'),('bunt'),"
'bullfightings','bullish','bullishnesses','bullmastiff','bullock','bullpen','bullshit','bully','bureaucratizing',,,,,,,"('bullfightings'),('bullish'),('bullishnesses'),('bullmastiff'),('bullock'),('bullpen'),('bullshit'),('bully'),('bureaucratizing'),"
'bumptiousnesses','bun','bunch','bundle','bungalow','bunk','bunker','bunny','burglarizes',,,,,,,"('bumptiousnesses'),('bun'),('bunch'),('bundle'),('bungalow'),('bunk'),('bunker'),('bunny'),('burglarizes'),"
'bureaucracies','bureaucracy','bureaucrat','bureaucratese','bureaucratise','bureaucratising','bureaucratism','bureaucratize','burton',,,,,,,"('bureaucracies'),('bureaucracy'),('bureaucrat'),('bureaucratese'),('bureaucratise'),('bureaucratising'),('bureaucratism'),('bureaucratize'),('burton'),"
'bureaucrats','bureaux','burger','burgess','burglar','burglarious','burglariously','burglarized','butcher',,,,,,,"('bureaucrats'),('bureaux'),('burger'),('burgess'),('burglar'),('burglarious'),('burglariously'),('burglarized'),('butcher'),"
'burgomaster','burial','burke','burn','burning','burnt','burr','burst','buttress',,,,,,,"('burgomaster'),('burial'),('burke'),('burn'),('burning'),('burnt'),('burr'),('burst'),('buttress'),"
'businessperson','businesspersons','businesswoman','businesswomen','bust','busy','but','butadiene','bye',,,,,,,"('businessperson'),('businesspersons'),('businesswoman'),('businesswomen'),('bust'),('busy'),('but'),('butadiene'),('bye'),"
'butterfingers','butterfly','buttermilk','butternut','butterscotch','button','buttonhole','buttonhooking',,,,,,,,"('butterfingers'),('butterfly'),('buttermilk'),('butternut'),('butterscotch'),('button'),('buttonhole'),('buttonhooking'),"
'butyrophenone','buy','buyback','buyer','buyout','buzz','buzzword','by',,,,,,,,"('butyrophenone'),('buy'),('buyback'),('buyer'),('buyout'),('buzz'),('buzzword'),('by'),"
